Key,Id,English (New Zealand)(en-NZ),English(en),Latvian(lv),Russian(ru)
player_name_prompt,35242844160,Enter your player name. The name can be entered only once and cannot be changed,Enter your player name. The name can be entered only once and cannot be changed,Ierakstiet Jūsu spēlētāja vārdu. Vārdu var ierakstīt tikai vienu reizi un to nevarēs izmainīt,Введите имя игрока. Имя может быть введено только один раз и не может быть изменено
player_name_placeholder,5.0399E+11,Player name,Player name,Spēlētāja vārds,Имя игрока
confirm,5.47321E+11,Confirm,Confirm,Apstiprināt,подтвердить
game_name,5.90149E+11,The Ghost of Jaunpils,The Ghost of Jaunpils,Jaunpils Spoks,Призрак Яунпилс
tutorial,5.69246E+12,The player's task is to catch the ghost in all the places it appears in the fastest time possible! The location of the ghost can be determined in the castle 3d mode. A ghost can be caught by tapping on it in ghost capture mode.,The player's task is to catch the ghost in all the places it appears in the fastest time possible! The location of the ghost can be determined in the castle 3d mode. A ghost can be caught by tapping on it in ghost capture mode.,Spēlētāja uzdevums ir noķert spoku visās tā parādīšanās vietās pēc iespējas ātrākā laikā! Spoka atrašanās vietu var noteikt pils 3D režīmā. Spoku var noķert uzspiežot uz tā spoku ķeršanas režīmā,"Задача игрока — поймать призрака во всех местах, где он появляется, за максимально короткое время! Местонахождение призрака можно определить в режиме замка 3d. Призрака можно поймать, нажав на него в режиме захвата."
intro,5.76702E+12,"Jaunpils Castle is an ancient Livonian Order castle, built in 1301. The castle has been burned down and rebuilt many times. Over the centuries, numerous castle legends and tales have accumulated. One of the most famous ones is that of baron Matiass fon der Reke, who ruled in the age of chivalry. When the baron died, old folks used to tell stories that his spirit wandered through the castle, as during his lifetime, he was fierce and ruthless, so his soul knows no rest.","Jaunpils Castle is an ancient Livonian Order castle, built in 1301. The castle has been burned down and rebuilt many times. Over the centuries, numerous castle legends and tales have accumulated. One of the most famous ones is that of baron Matiass fon der Reke, who ruled in the age of chivalry. When the baron died, old folks used to tell stories that his spirit wandered through the castle, as during his lifetime, he was fierce and ruthless, so his soul knows no rest.","Jaunpils Pils - sena Livonijas ordeņa pils, celta 1301. gadā. Visā tās pastāvēšanas laikā pils ir vairākas reizes nodedzināta līdz pamatiem un celta no jauna. Gadsimtiem ejot par pili ir klīdušas daudz teikas un leģendas. Viens no slavenākajiem pils viduslaiku īpašniekiem ir bijis barons Matiass fon der Reke, kurš izcēlies ar īpašu ļaunumu un nežēlību. Vecie ļaudis stāsta, ka, dēļ tā, viņa dvēsele vēl jo projām nevar atrast mieru un klīst pa pili.","Замок Яунпилс — старинный замок Ливонского ордена, построенный в 1301 году. За время своего существования замок несколько раз сжигался дотла и перестраивался. На протяжении веков о замке ходило множество сказок и легенд. Одним из самых известных владельцев замка в Средние века был барон Матиас фон дер Реке, выделявшийся особой злобой и жестокостью. Старики говорят, что из-за этого его душа до сих пор не может найти покоя и бродит по замку."
first_floor,5.8172E+12,1st floor,1st floor,1. stāvs,1-й этаж
second_floor,5.86702E+12,2nd floor,2nd floor,2. stāvs,2-й этаж
third_floor,5.91675E+12,3rd floor,3rd floor,3. stāvs,3-й этаж
roof,5.96302E+12,Castle roof,Castle roof,Pils jumts,Крыша замка
ghost_escaped,6.00404E+12,Ghost has fled! Look for it in the castle model!,Ghost has fled! Look for it in the castle model!,Spoks ir izbēdzis! Meklējiet to pils modelī!,Призрак сбежал! Ищите его в модели замка!
poor_connection,6.05183E+12,"Poor connection, go outside!","Poor connection, go outside!","Vājš savienojums, izejiet ārā!","Плохая связь, выйдите на улицу!"
distance_to_ghost,6.1132E+12,Distance to ghost: ,Distance to ghost: ,Attālums līdz spokam: ,Расстояние до призрака: 
tap_the_ghost,6.26077E+12,Tap the ghost!,Tap the ghost!,Uzspiediet uz spoka!,Нажмите на призрака!
score_table_header_1,6.31458E+12,No.,No.,Nr.,Но.
score_table_header_2,6.3693E+12,Player name,Player name,Spēlētāja vārds,Имя игрока
score_table_header_3,6.41922E+12,Time,Time,Laiks,Время
leaderboard,2.18222E+13,Leaderboard,Leaderboard,Rezultāti,Таблица лидеров
congratulations,2.25327E+13,Congratulations!,Congratulations!,Apsveicu!,Поздравляем!
win_text,3.15726E+13,"Thank you, kind soul, for helping to find the spirit of Baron Rekis and freeing it from its centuries-long curse!","Thank you, kind soul, for helping to find the spirit of Baron Rekis and freeing it from its centuries-long curse!","Paldies Tev, laipnā dvēsele, ka palīdzēji atrast barona Reķa garu un atbrīvoji to! no gadsimtiem ilgā lāsta!","Спасибо тебе, добрая душа, за то, что помог найти дух барона Рекиса и освободить его от многовекового проклятия!"
"score
",4.52676E+13,Score: ,Score: ,Punkti: ,Счет: 
privacy_policy,6.30667E+13,I agree with the <u>Privacy Policy</u>,I agree with the <u>Privacy Policy</u>,Es piekrītu <u>Privātuma Politikai</u>,Я согласен с <u>Политикой Kонфиденциальности</u>
tutorial_heading_1,6.93337E+13,Locate the ghost!,Locate the ghost!,Atrodi spoku!,Найдите призрака!
tutorial_body_1,6.93905E+13,Explore the castle model and find where the ghost is hiding!,Explore the castle model and find where the ghost is hiding!,Izpēti pils modeli un atrodi kurā stāvā slēpjas spoks!,"Исследуй модель замка и найди, где прячется призрак!"
tutorial_heading_2,6.94407E+13,Capture the ghost!,Capture the ghost!,Notver spoku!,Поймай призрака!
tutorial_body_2,6.94827E+13,"Go to the ghost's location! Open the AR mode, find the ghost with your camera and click on it to capture it! ","Go to the ghost's location! Open the AR mode, find the ghost with your camera and click on it to capture it! ","Dodies uz spoka atrašanās vietu! Atver AR režīmu, atrodi spoku ar savu kameru un uzspied uz tā, lai notvertu!","Отправляйтесь в местонахождение призрака! Откройте режим дополненной реальности, найдите привидение с помощью камеры и нажмите на него, чтобы запечатлеть!"
"distance_to_ghost	",2.10023E+16,Distance to ghost: ,Distance to ghost: ,Attālums līdz spokam: ,Расстояние до призрака: 
Start,1.26034E+17,Start,Start,Sākt,старт
Next,1.26036E+17,Next,Next,Tālāk,дальше
Play,1.26036E+17,Play,Play,Spēlēt,играть
